slug,provider,offer,actionButtons,chain,technology,monitoringAndAnalytics,additionalFeatures,availableApis,sdk,searchCapabilities,smartContractsVerifications,fullHistory,pricing,starred,tag
arkham,,!offer:arkham,"[""[Explore](https://intel.arkm.com/explorer/entity/ton)"",""[Docs](https://codex.arkm.com/)""]",mainnet,,,,,,,,,,,
blockchair,,!offer:blockchair,"[""[Explore](https://blockchair.com/ton)""]",mainnet,,,,,,,,,,,
jiffyscan-developer,,!offer:jiffyscan-developer,"[""[Explore](https://jiffyscan.xyz/pricing)""]",mainnet,,,,,,,,,,,
jiffyscan-professional,,!offer:jiffyscan-professional,"[""[Explore](https://jiffyscan.xyz/pricing)""]",mainnet,,,,,,,,,,,
jiffyscan-starter,,!offer:jiffyscan-starter,"[""[Explore](https://jiffyscan.xyz/pricing)""]",mainnet,,,,,,,,,,,
oklink,,!offer:oklink,"[""[Explore](https://www.oklink.com/ton)""]",mainnet,,,,,,,,,,,
okx,,!offer:okx,"[""[Explore](https://web3.okx.com/explorer/ton)""]",mainnet,,,,,,,,,,,
tokenterminal-explorer,,!offer:tokenterminal-explorer,"[""[Explore](https://tokenterminal.com/explorer/projects/the-open-network)""]",mainnet,,,,,,,,,,,
tonscan-mainnet,"Bakkenbaeck, Bastion Digital",,"[""[Explore](https://tonscan.org/)""]",mainnet,Custom,"[""Addresses"",""Transactions"",""Blocks"",""Validators"",""Accounts""]","[""Interactive Graphs"",""Address Labeling"",""Custom Indexer""]","[""REST API"",""JSON-RPC""]","[""Python"",""TON Kotlin""]","[""Address"",""Transaction"",""Block"",""Domain""]",TRUE,TRUE,Free,FALSE,
tonscan-testnet,"Bakkenbaeck, Bastion Digital",,"[""[Explore](https://testnet.tonscan.org./)""]",testnet,Custom,"[""Addresses"",""Transactions"",""Blocks"",""Validators"",""Accounts""]","[""Interactive Graphs"",""Address Labeling"",""Custom Indexer""]","[""REST API"",""JSON-RPC""]","[""Python"",""TON Kotlin""]","[""Address"",""Transaction"",""Block"",""Domain""]",TRUE,TRUE,Free,FALSE,
tonviewer-mainnet,Brave,Brave Ltd.,"[""[Explore](https://tonviewer.com/)""]",mainnet,Custom,"[""Addresses"",""Transactions"",""Blocks"",""Smart Contracts""]","[""Trace Visualization"",""Analysis tools beyond basic transaction"",""Block browsing""]","[""REST API""]",,"[""Address"",""Transaction"",""Block""]",FALSE,TRUE,Free,FALSE,
tonviewer-testnet,Brave,Brave Ltd.,"[""[Explore](https://testnet.tonviewer.com/)""]",testnet,Custom,"[""Addresses"",""Transactions"",""Blocks"",""Smart Contracts""]","[""Trace Visualization"",""Analysis tools beyond basic transaction"",""Block browsing""]","[""REST API""]",,"[""Address"",""Transaction"",""Block""]",FALSE,TRUE,Free,FALSE,
